Scholarship Name,URL
Harvard Gender Inequality Postdoctoral Fellowship,https://scholarshipdb.net/jobs-in-United-States/Harvard-Gender-Inequality-Postdoctoral-Fellowship-Harvard-University=kT2cYoXc8BG_5wzEeuBOuw.html
Assistant Professor of Immunology ? Dana-Farber Cancer Institute and Harvard Medical School,https://scholarshipdb.net/jobs-in-United-States/Assistant-Professor-Of-Immunology-Dana-Farber-Cancer-Institute-And-Harvard-Medical-School-Dana-Farber-Cancer-Institute=M4VXqhLo8BG_5wzEeuBOuw.html
"Executive Director, Bloomberg Harvard City Leadership Initiative",https://scholarshipdb.net/jobs-in-United-States/Executive-Director-Bloomberg-Harvard-City-Leadership-Initiative-Harvard-University=_iDHukLh8BG_5wzEeuBOuw.html
Summer Scholars - Harvard University,https://scholarshipdb.net/jobs-in-United-States/Summer-Scholars-Harvard-University-Harvard-University=X0JpKurE8BG_5gzEeuBOuw.html
Postdoctoral Research Position in Computational Physics at Harvard University,https://scholarshipdb.net/jobs-in-United-States/Postdoctoral-Research-Position-In-Computational-Physics-At-Harvard-University-Harvard-University=vrtDmU-d8BG_5wzEeuBOuw.html
"Harvard University, Physics, Postdoctoral Fellow",https://scholarshipdb.net/jobs-in-United-States/Harvard-University-Physics-Postdoctoral-Fellow-Harvard-University=nM-eaaPS8BG_5gzEeuBOuw.html
"HMS - Research Associate (Cryo-EM Specialist) in Harvard Cryo-EM Center for Structural Biology, Department of Biological Chemistry and Molecular Pharmacology",https://scholarshipdb.net/jobs-in-United-States/Hms-Research-Associate-Cryo-Em-Specialist-In-Harvard-Cryo-Em-Center-For-Structural-Biology-Department-Of-Biological-Chemistry-And-Molecular-Pharmacology-Harvard-University=spgSW0jr8BG_5wzEeuBOuw.html
"Postdoctoral Research Positions in the GRASP (Gravity, Spacetime, and Particle Physics) Initiative at Harvard University",https://scholarshipdb.net/jobs-in-United-States/Postdoctoral-Research-Positions-In-The-Grasp-Gravity-Spacetime-And-Particle-Physics-Initiative-At-Harvard-University-Harvard-University=FvsQENza8BG_5wzEeuBOuw.html
Harvard Forest Soils,https://scholarshipdb.net/jobs-in-United-States/Harvard-Forest-Soils-University-Of-New-Hampshire-Main-Campus=ZfN-LiGf8BG_4wzEeuBOuw.html
Open now: Harvard Bacteriology Curriculum Fellow,https://scholarshipdb.net/jobs-in-United-States/Open-Now-Harvard-Bacteriology-Curriculum-Fellow-Vanderbilt-University=GzvhCUHP8BG_5gzEeuBOuw.html
