Scholarship Name,URL
Oxford-Mary Frances Wagley Graduate Scholarship,https://scholarshipdb.net/scholarships-in-United-Kingdom/Oxford-Mary-Frances-Wagley-Graduate-Scholarship-University-Of-Oxford=FwhrrCfs8BG_5wzEeuBOuw.html
Oxford-Nuffield-Sir David Butler Graduate Scholarship,https://scholarshipdb.net/scholarships-in-United-Kingdom/Oxford-Nuffield-Sir-David-Butler-Graduate-Scholarship-University-Of-Oxford=sLGCvifs8BG_5wzEeuBOuw.html
Oxford-The Queen's College Graduate Scholarship,https://scholarshipdb.net/scholarships-in-United-Kingdom/Oxford-The-Queen-s-College-Graduate-Scholarship-University-Of-Oxford=hK9lANTl8BG_5wzEeuBOuw.html
Oxford-Thatcher Graduate Scholarships,https://scholarshipdb.net/scholarships-in-United-Kingdom/Oxford-Thatcher-Graduate-Scholarships-University-Of-Oxford=aVvUnN-h8BG_5wzEeuBOuw.html
Oxford-Bounden Graduate Scholarship,https://scholarshipdb.net/scholarships-in-United-Kingdom/Oxford-Bounden-Graduate-Scholarship-University-Of-Oxford=QSfPzOrd8BG_5wzEeuBOuw.html
Oxford Maintenance Mechanic IV- Campus Services,https://scholarshipdb.net/jobs-in-United-States/Oxford-Maintenance-Mechanic-Iv-Campus-Services-Emory-University=rfocZLnq8BG_5wzEeuBOuw.html
Oxford-Christopher Ainsley Graduate Scholarship,https://scholarshipdb.net/scholarships-in-United-Kingdom/Oxford-Christopher-Ainsley-Graduate-Scholarship-University-Of-Oxford=-n3H5DXV8BG_5gzEeuBOuw.html
Oxford-Uehiro Graduate Scholarships,https://scholarshipdb.net/scholarships-in-United-Kingdom/Oxford-Uehiro-Graduate-Scholarships-University-Of-Oxford=TraGPk3N8BG_5gzEeuBOuw.html
Oxford-Dowding Graduate Scholarship,https://scholarshipdb.net/scholarships-in-United-Kingdom/Oxford-Dowding-Graduate-Scholarship-University-Of-Oxford=yrnnW47I8BG_5gzEeuBOuw.html
Oxford-Chellgren Graduate Scholarship,https://scholarshipdb.net/scholarships-in-United-Kingdom/Oxford-Chellgren-Graduate-Scholarship-University-Of-Oxford=hGq9SY7I8BG_5gzEeuBOuw.html
